::1 - - [11/Jul/2020:04:20:38 +0000] "POST /api/admin/sessions/ HTTP/1.1" 200 129 "http://localhost:3000/" "Mozilla/5.0 (Macintosh; Intel Mac OS X 10_15_5) AppleWebKit/537.36 (KHTML, like Gecko) Chrome/83.0.4103.116 Safari/537.36"
::1 - - [11/Jul/2020:04:20:38 +0000] "GET /api/admin/users/1 HTTP/1.1" 200 291 "http://localhost:3000/dashboard" "Mozilla/5.0 (Macintosh; Intel Mac OS X 10_15_5) AppleWebKit/537.36 (KHTML, like Gecko) Chrome/83.0.4103.116 Safari/537.36"
::1 - - [11/Jul/2020:04:20:38 +0000] "GET /api/admin/clients/3 HTTP/1.1" 200 88 "http://localhost:3000/dashboard" "Mozilla/5.0 (Macintosh; Intel Mac OS X 10_15_5) AppleWebKit/537.36 (KHTML, like Gecko) Chrome/83.0.4103.116 Safari/537.36"
::1 - - [11/Jul/2020:04:20:38 +0000] "GET /api/admin/clientservices/3 HTTP/1.1" 200 86 "http://localhost:3000/dashboard" "Mozilla/5.0 (Macintosh; Intel Mac OS X 10_15_5) AppleWebKit/537.36 (KHTML, like Gecko) Chrome/83.0.4103.116 Safari/537.36"
::1 - - [11/Jul/2020:04:20:38 +0000] "GET /api/workspace/applications HTTP/1.1" 200 231828 "http://localhost:3000/dashboard" "Mozilla/5.0 (Macintosh; Intel Mac OS X 10_15_5) AppleWebKit/537.36 (KHTML, like Gecko) Chrome/83.0.4103.116 Safari/537.36"
::1 - - [11/Jul/2020:04:20:38 +0000] "GET /api/workspace/collections HTTP/1.1" 200 2 "http://localhost:3000/dashboard" "Mozilla/5.0 (Macintosh; Intel Mac OS X 10_15_5) AppleWebKit/537.36 (KHTML, like Gecko) Chrome/83.0.4103.116 Safari/537.36"
::1 - - [11/Jul/2020:04:20:59 +0000] "GET /api/admin/users/1 HTTP/1.1" 304 - "http://localhost:3000/dashboard" "Mozilla/5.0 (Macintosh; Intel Mac OS X 10_15_5) AppleWebKit/537.36 (KHTML, like Gecko) Chrome/83.0.4103.116 Safari/537.36"
::1 - - [11/Jul/2020:04:20:59 +0000] "GET /api/admin/clients/3 HTTP/1.1" 304 - "http://localhost:3000/dashboard" "Mozilla/5.0 (Macintosh; Intel Mac OS X 10_15_5) AppleWebKit/537.36 (KHTML, like Gecko) Chrome/83.0.4103.116 Safari/537.36"
::1 - - [11/Jul/2020:04:20:59 +0000] "GET /api/admin/clientservices/3 HTTP/1.1" 304 - "http://localhost:3000/dashboard" "Mozilla/5.0 (Macintosh; Intel Mac OS X 10_15_5) AppleWebKit/537.36 (KHTML, like Gecko) Chrome/83.0.4103.116 Safari/537.36"
::1 - - [11/Jul/2020:04:21:00 +0000] "GET /api/workspace/applications HTTP/1.1" 304 - "http://localhost:3000/dashboard" "Mozilla/5.0 (Macintosh; Intel Mac OS X 10_15_5) AppleWebKit/537.36 (KHTML, like Gecko) Chrome/83.0.4103.116 Safari/537.36"
::1 - - [11/Jul/2020:04:21:00 +0000] "GET /api/workspace/collections HTTP/1.1" 304 - "http://localhost:3000/dashboard" "Mozilla/5.0 (Macintosh; Intel Mac OS X 10_15_5) AppleWebKit/537.36 (KHTML, like Gecko) Chrome/83.0.4103.116 Safari/537.36"
::1 - - [11/Jul/2020:04:21:05 +0000] "GET /api/admin/users/1 HTTP/1.1" 304 - "http://localhost:3000/dashboard" "Mozilla/5.0 (Macintosh; Intel Mac OS X 10_15_5) AppleWebKit/537.36 (KHTML, like Gecko) Chrome/83.0.4103.116 Safari/537.36"
::1 - - [11/Jul/2020:04:21:05 +0000] "GET /api/admin/clients/3 HTTP/1.1" 304 - "http://localhost:3000/dashboard" "Mozilla/5.0 (Macintosh; Intel Mac OS X 10_15_5) AppleWebKit/537.36 (KHTML, like Gecko) Chrome/83.0.4103.116 Safari/537.36"
::1 - - [11/Jul/2020:04:21:06 +0000] "GET /api/admin/clientservices/3 HTTP/1.1" 304 - "http://localhost:3000/dashboard" "Mozilla/5.0 (Macintosh; Intel Mac OS X 10_15_5) AppleWebKit/537.36 (KHTML, like Gecko) Chrome/83.0.4103.116 Safari/537.36"
::1 - - [11/Jul/2020:04:21:06 +0000] "GET /api/workspace/applications HTTP/1.1" 304 - "http://localhost:3000/dashboard" "Mozilla/5.0 (Macintosh; Intel Mac OS X 10_15_5) AppleWebKit/537.36 (KHTML, like Gecko) Chrome/83.0.4103.116 Safari/537.36"
::1 - - [11/Jul/2020:04:21:06 +0000] "GET /api/workspace/collections HTTP/1.1" 304 - "http://localhost:3000/dashboard" "Mozilla/5.0 (Macintosh; Intel Mac OS X 10_15_5) AppleWebKit/537.36 (KHTML, like Gecko) Chrome/83.0.4103.116 Safari/537.36"
::1 - - [11/Jul/2020:04:21:29 +0000] "GET /api/community/blogs HTTP/1.1" 200 583 "http://localhost:3000/community/blogs" "Mozilla/5.0 (Macintosh; Intel Mac OS X 10_15_5) AppleWebKit/537.36 (KHTML, like Gecko) Chrome/83.0.4103.116 Safari/537.36"
::1 - - [11/Jul/2020:04:21:30 +0000] "GET /api/admin/users/1 HTTP/1.1" 304 - "http://localhost:3000/dashboard/" "Mozilla/5.0 (Macintosh; Intel Mac OS X 10_15_5) AppleWebKit/537.36 (KHTML, like Gecko) Chrome/83.0.4103.116 Safari/537.36"
::1 - - [11/Jul/2020:04:21:30 +0000] "GET /api/admin/clients/3 HTTP/1.1" 304 - "http://localhost:3000/dashboard/" "Mozilla/5.0 (Macintosh; Intel Mac OS X 10_15_5) AppleWebKit/537.36 (KHTML, like Gecko) Chrome/83.0.4103.116 Safari/537.36"
::1 - - [11/Jul/2020:04:21:30 +0000] "GET /api/admin/clientservices/3 HTTP/1.1" 304 - "http://localhost:3000/dashboard/" "Mozilla/5.0 (Macintosh; Intel Mac OS X 10_15_5) AppleWebKit/537.36 (KHTML, like Gecko) Chrome/83.0.4103.116 Safari/537.36"
::1 - - [11/Jul/2020:04:21:30 +0000] "GET /api/workspace/applications HTTP/1.1" 304 - "http://localhost:3000/dashboard/" "Mozilla/5.0 (Macintosh; Intel Mac OS X 10_15_5) AppleWebKit/537.36 (KHTML, like Gecko) Chrome/83.0.4103.116 Safari/537.36"
::1 - - [11/Jul/2020:04:21:30 +0000] "GET /api/workspace/collections HTTP/1.1" 304 - "http://localhost:3000/dashboard/" "Mozilla/5.0 (Macintosh; Intel Mac OS X 10_15_5) AppleWebKit/537.36 (KHTML, like Gecko) Chrome/83.0.4103.116 Safari/537.36"
::1 - - [11/Jul/2020:04:21:38 +0000] "GET /api/workspace/collections HTTP/1.1" 304 - "http://localhost:3000/workspace/collections" "Mozilla/5.0 (Macintosh; Intel Mac OS X 10_15_5) AppleWebKit/537.36 (KHTML, like Gecko) Chrome/83.0.4103.116 Safari/537.36"
::1 - - [11/Jul/2020:04:21:41 +0000] "GET /api/workspace/collections HTTP/1.1" 304 - "http://localhost:3000/workspace/collections" "Mozilla/5.0 (Macintosh; Intel Mac OS X 10_15_5) AppleWebKit/537.36 (KHTML, like Gecko) Chrome/83.0.4103.116 Safari/537.36"
::1 - - [11/Jul/2020:04:21:42 +0000] "GET /api/workspace/collections HTTP/1.1" 304 - "http://localhost:3000/workspace/collections" "Mozilla/5.0 (Macintosh; Intel Mac OS X 10_15_5) AppleWebKit/537.36 (KHTML, like Gecko) Chrome/83.0.4103.116 Safari/537.36"
::1 - - [11/Jul/2020:04:21:48 +0000] "GET /api/admin/users/1 HTTP/1.1" 304 - "http://localhost:3000/dashboard/" "Mozilla/5.0 (Macintosh; Intel Mac OS X 10_15_5) AppleWebKit/537.36 (KHTML, like Gecko) Chrome/83.0.4103.116 Safari/537.36"
::1 - - [11/Jul/2020:04:21:48 +0000] "GET /api/admin/clients/3 HTTP/1.1" 304 - "http://localhost:3000/dashboard/" "Mozilla/5.0 (Macintosh; Intel Mac OS X 10_15_5) AppleWebKit/537.36 (KHTML, like Gecko) Chrome/83.0.4103.116 Safari/537.36"
::1 - - [11/Jul/2020:04:21:48 +0000] "GET /api/admin/clientservices/3 HTTP/1.1" 304 - "http://localhost:3000/dashboard/" "Mozilla/5.0 (Macintosh; Intel Mac OS X 10_15_5) AppleWebKit/537.36 (KHTML, like Gecko) Chrome/83.0.4103.116 Safari/537.36"
::1 - - [11/Jul/2020:04:21:48 +0000] "GET /api/workspace/applications HTTP/1.1" 304 - "http://localhost:3000/dashboard/" "Mozilla/5.0 (Macintosh; Intel Mac OS X 10_15_5) AppleWebKit/537.36 (KHTML, like Gecko) Chrome/83.0.4103.116 Safari/537.36"
::1 - - [11/Jul/2020:04:21:48 +0000] "GET /api/workspace/collections HTTP/1.1" 304 - "http://localhost:3000/dashboard/" "Mozilla/5.0 (Macintosh; Intel Mac OS X 10_15_5) AppleWebKit/537.36 (KHTML, like Gecko) Chrome/83.0.4103.116 Safari/537.36"
::1 - - [11/Jul/2020:04:21:50 +0000] "GET /api/workspace/applications HTTP/1.1" 304 - "http://localhost:3000/workspace/applications" "Mozilla/5.0 (Macintosh; Intel Mac OS X 10_15_5) AppleWebKit/537.36 (KHTML, like Gecko) Chrome/83.0.4103.116 Safari/537.36"
::1 - - [11/Jul/2020:04:21:52 +0000] "GET /api/workspace/applications HTTP/1.1" 304 - "http://localhost:3000/workspace/applications" "Mozilla/5.0 (Macintosh; Intel Mac OS X 10_15_5) AppleWebKit/537.36 (KHTML, like Gecko) Chrome/83.0.4103.116 Safari/537.36"
::1 - - [11/Jul/2020:04:21:54 +0000] "GET /api/workspace/applications HTTP/1.1" 304 - "http://localhost:3000/workspace/applications" "Mozilla/5.0 (Macintosh; Intel Mac OS X 10_15_5) AppleWebKit/537.36 (KHTML, like Gecko) Chrome/83.0.4103.116 Safari/537.36"
::1 - - [11/Jul/2020:04:22:05 +0000] "GET /api/admin/users/1 HTTP/1.1" 304 - "http://localhost:3000/dashboard/" "Mozilla/5.0 (Macintosh; Intel Mac OS X 10_15_5) AppleWebKit/537.36 (KHTML, like Gecko) Chrome/83.0.4103.116 Safari/537.36"
::1 - - [11/Jul/2020:04:22:05 +0000] "GET /api/admin/clients/3 HTTP/1.1" 304 - "http://localhost:3000/dashboard/" "Mozilla/5.0 (Macintosh; Intel Mac OS X 10_15_5) AppleWebKit/537.36 (KHTML, like Gecko) Chrome/83.0.4103.116 Safari/537.36"
::1 - - [11/Jul/2020:04:22:05 +0000] "GET /api/admin/clientservices/3 HTTP/1.1" 304 - "http://localhost:3000/dashboard/" "Mozilla/5.0 (Macintosh; Intel Mac OS X 10_15_5) AppleWebKit/537.36 (KHTML, like Gecko) Chrome/83.0.4103.116 Safari/537.36"
::1 - - [11/Jul/2020:04:22:05 +0000] "GET /api/workspace/applications HTTP/1.1" 304 - "http://localhost:3000/dashboard/" "Mozilla/5.0 (Macintosh; Intel Mac OS X 10_15_5) AppleWebKit/537.36 (KHTML, like Gecko) Chrome/83.0.4103.116 Safari/537.36"
::1 - - [11/Jul/2020:04:22:05 +0000] "GET /api/workspace/collections HTTP/1.1" 304 - "http://localhost:3000/dashboard/" "Mozilla/5.0 (Macintosh; Intel Mac OS X 10_15_5) AppleWebKit/537.36 (KHTML, like Gecko) Chrome/83.0.4103.116 Safari/537.36"
::1 - - [11/Jul/2020:04:22:09 +0000] "GET /api/admin/users/1 HTTP/1.1" 304 - "http://localhost:3000/dashboard/" "Mozilla/5.0 (Macintosh; Intel Mac OS X 10_15_5) AppleWebKit/537.36 (KHTML, like Gecko) Chrome/83.0.4103.116 Safari/537.36"
::1 - - [11/Jul/2020:04:22:09 +0000] "GET /api/admin/clients/3 HTTP/1.1" 304 - "http://localhost:3000/dashboard/" "Mozilla/5.0 (Macintosh; Intel Mac OS X 10_15_5) AppleWebKit/537.36 (KHTML, like Gecko) Chrome/83.0.4103.116 Safari/537.36"
::1 - - [11/Jul/2020:04:22:09 +0000] "GET /api/admin/clientservices/3 HTTP/1.1" 304 - "http://localhost:3000/dashboard/" "Mozilla/5.0 (Macintosh; Intel Mac OS X 10_15_5) AppleWebKit/537.36 (KHTML, like Gecko) Chrome/83.0.4103.116 Safari/537.36"
::1 - - [11/Jul/2020:04:22:09 +0000] "GET /api/workspace/applications HTTP/1.1" 304 - "http://localhost:3000/dashboard/" "Mozilla/5.0 (Macintosh; Intel Mac OS X 10_15_5) AppleWebKit/537.36 (KHTML, like Gecko) Chrome/83.0.4103.116 Safari/537.36"
::1 - - [11/Jul/2020:04:22:09 +0000] "GET /api/workspace/collections HTTP/1.1" 304 - "http://localhost:3000/dashboard/" "Mozilla/5.0 (Macintosh; Intel Mac OS X 10_15_5) AppleWebKit/537.36 (KHTML, like Gecko) Chrome/83.0.4103.116 Safari/537.36"
::1 - - [11/Jul/2020:04:22:43 +0000] "POST /api/admin/sessions/ HTTP/1.1" 200 23 "http://localhost:3000/" "Mozilla/5.0 (Macintosh; Intel Mac OS X 10_15_5) AppleWebKit/537.36 (KHTML, like Gecko) Chrome/83.0.4103.116 Safari/537.36"
::1 - - [11/Jul/2020:04:27:34 +0000] "POST /api/admin/sessions/ HTTP/1.1" 200 23 "http://localhost:3000/dashboard" "Mozilla/5.0 (Macintosh; Intel Mac OS X 10_15_5) AppleWebKit/537.36 (KHTML, like Gecko) Chrome/83.0.4103.116 Safari/537.36"
::1 - - [11/Jul/2020:04:28:19 +0000] "POST /api/admin/sessions/ HTTP/1.1" 200 23 "http://localhost:3000/dashboard" "Mozilla/5.0 (Macintosh; Intel Mac OS X 10_15_5) AppleWebKit/537.36 (KHTML, like Gecko) Chrome/83.0.4103.116 Safari/537.36"
::1 - - [11/Jul/2020:04:29:01 +0000] "POST /api/admin/sessions/ HTTP/1.1" 200 23 "http://localhost:3000/dashboard" "Mozilla/5.0 (Macintosh; Intel Mac OS X 10_15_5) AppleWebKit/537.36 (KHTML, like Gecko) Chrome/83.0.4103.116 Safari/537.36"
::1 - - [11/Jul/2020:04:29:59 +0000] "POST /api/admin/sessions/ HTTP/1.1" 200 23 "http://localhost:3000/dashboard" "Mozilla/5.0 (Macintosh; Intel Mac OS X 10_15_5) AppleWebKit/537.36 (KHTML, like Gecko) Chrome/83.0.4103.116 Safari/537.36"
::1 - - [11/Jul/2020:04:30:32 +0000] "POST /api/admin/sessions/ HTTP/1.1" 200 23 "http://localhost:3000/dashboard" "Mozilla/5.0 (Macintosh; Intel Mac OS X 10_15_5) AppleWebKit/537.36 (KHTML, like Gecko) Chrome/83.0.4103.116 Safari/537.36"
::1 - - [11/Jul/2020:04:31:01 +0000] "POST /api/admin/sessions/ HTTP/1.1" 200 23 "http://localhost:3000/dashboard" "Mozilla/5.0 (Macintosh; Intel Mac OS X 10_15_5) AppleWebKit/537.36 (KHTML, like Gecko) Chrome/83.0.4103.116 Safari/537.36"
::1 - - [11/Jul/2020:04:31:26 +0000] "POST /api/admin/sessions/ HTTP/1.1" 200 23 "http://localhost:3000/dashboard" "Mozilla/5.0 (Macintosh; Intel Mac OS X 10_15_5) AppleWebKit/537.36 (KHTML, like Gecko) Chrome/83.0.4103.116 Safari/537.36"
::1 - - [11/Jul/2020:04:32:17 +0000] "POST /api/admin/sessions/ HTTP/1.1" 200 33 "http://localhost:3000/dashboard" "Mozilla/5.0 (Macintosh; Intel Mac OS X 10_15_5) AppleWebKit/537.36 (KHTML, like Gecko) Chrome/83.0.4103.116 Safari/537.36"
::1 - - [11/Jul/2020:04:42:09 +0000] "POST /api/admin/sessions/ HTTP/1.1" 200 126 "http://localhost:3000/dashboard" "Mozilla/5.0 (Macintosh; Intel Mac OS X 10_15_5) AppleWebKit/537.36 (KHTML, like Gecko) Chrome/83.0.4103.116 Safari/537.36"
::1 - - [11/Jul/2020:04:42:09 +0000] "GET /api/admin/users/1 HTTP/1.1" 304 - "http://localhost:3000/dashboard" "Mozilla/5.0 (Macintosh; Intel Mac OS X 10_15_5) AppleWebKit/537.36 (KHTML, like Gecko) Chrome/83.0.4103.116 Safari/537.36"
::1 - - [11/Jul/2020:04:42:09 +0000] "GET /api/admin/clients/3 HTTP/1.1" 304 - "http://localhost:3000/dashboard" "Mozilla/5.0 (Macintosh; Intel Mac OS X 10_15_5) AppleWebKit/537.36 (KHTML, like Gecko) Chrome/83.0.4103.116 Safari/537.36"
::1 - - [11/Jul/2020:04:42:09 +0000] "GET /api/admin/clientservices/3 HTTP/1.1" 304 - "http://localhost:3000/dashboard" "Mozilla/5.0 (Macintosh; Intel Mac OS X 10_15_5) AppleWebKit/537.36 (KHTML, like Gecko) Chrome/83.0.4103.116 Safari/537.36"
::1 - - [11/Jul/2020:04:42:09 +0000] "GET /api/workspace/applications HTTP/1.1" 304 - "http://localhost:3000/dashboard" "Mozilla/5.0 (Macintosh; Intel Mac OS X 10_15_5) AppleWebKit/537.36 (KHTML, like Gecko) Chrome/83.0.4103.116 Safari/537.36"
::1 - - [11/Jul/2020:04:42:09 +0000] "GET /api/workspace/collections HTTP/1.1" 304 - "http://localhost:3000/dashboard" "Mozilla/5.0 (Macintosh; Intel Mac OS X 10_15_5) AppleWebKit/537.36 (KHTML, like Gecko) Chrome/83.0.4103.116 Safari/537.36"
::1 - - [11/Jul/2020:04:45:40 +0000] "GET /api/admin/users/1 HTTP/1.1" 304 - "http://localhost:3000/dashboard" "Mozilla/5.0 (Macintosh; Intel Mac OS X 10_15_5) AppleWebKit/537.36 (KHTML, like Gecko) Chrome/83.0.4103.116 Safari/537.36"
::1 - - [11/Jul/2020:04:45:40 +0000] "GET /api/admin/clients/3 HTTP/1.1" 304 - "http://localhost:3000/dashboard" "Mozilla/5.0 (Macintosh; Intel Mac OS X 10_15_5) AppleWebKit/537.36 (KHTML, like Gecko) Chrome/83.0.4103.116 Safari/537.36"
::1 - - [11/Jul/2020:04:45:41 +0000] "GET /api/admin/clientservices/3 HTTP/1.1" 304 - "http://localhost:3000/dashboard" "Mozilla/5.0 (Macintosh; Intel Mac OS X 10_15_5) AppleWebKit/537.36 (KHTML, like Gecko) Chrome/83.0.4103.116 Safari/537.36"
::1 - - [11/Jul/2020:04:45:41 +0000] "GET /api/workspace/applications HTTP/1.1" 304 - "http://localhost:3000/dashboard" "Mozilla/5.0 (Macintosh; Intel Mac OS X 10_15_5) AppleWebKit/537.36 (KHTML, like Gecko) Chrome/83.0.4103.116 Safari/537.36"
::1 - - [11/Jul/2020:04:45:41 +0000] "GET /api/workspace/collections HTTP/1.1" 304 - "http://localhost:3000/dashboard" "Mozilla/5.0 (Macintosh; Intel Mac OS X 10_15_5) AppleWebKit/537.36 (KHTML, like Gecko) Chrome/83.0.4103.116 Safari/537.36"
::1 - - [11/Jul/2020:04:46:35 +0000] "POST /api/admin/sessions/ HTTP/1.1" 200 126 "http://localhost:3000/" "Mozilla/5.0 (Macintosh; Intel Mac OS X 10_15_5) AppleWebKit/537.36 (KHTML, like Gecko) Chrome/83.0.4103.116 Safari/537.36"
::1 - - [11/Jul/2020:04:46:35 +0000] "GET /api/admin/users/1 HTTP/1.1" 304 - "http://localhost:3000/dashboard" "Mozilla/5.0 (Macintosh; Intel Mac OS X 10_15_5) AppleWebKit/537.36 (KHTML, like Gecko) Chrome/83.0.4103.116 Safari/537.36"
::1 - - [11/Jul/2020:04:46:35 +0000] "GET /api/admin/clients/3 HTTP/1.1" 304 - "http://localhost:3000/dashboard" "Mozilla/5.0 (Macintosh; Intel Mac OS X 10_15_5) AppleWebKit/537.36 (KHTML, like Gecko) Chrome/83.0.4103.116 Safari/537.36"
::1 - - [11/Jul/2020:04:46:35 +0000] "GET /api/admin/clientservices/3 HTTP/1.1" 304 - "http://localhost:3000/dashboard" "Mozilla/5.0 (Macintosh; Intel Mac OS X 10_15_5) AppleWebKit/537.36 (KHTML, like Gecko) Chrome/83.0.4103.116 Safari/537.36"
::1 - - [11/Jul/2020:04:46:35 +0000] "GET /api/workspace/applications HTTP/1.1" 304 - "http://localhost:3000/dashboard" "Mozilla/5.0 (Macintosh; Intel Mac OS X 10_15_5) AppleWebKit/537.36 (KHTML, like Gecko) Chrome/83.0.4103.116 Safari/537.36"
::1 - - [11/Jul/2020:04:46:35 +0000] "GET /api/workspace/collections HTTP/1.1" 304 - "http://localhost:3000/dashboard" "Mozilla/5.0 (Macintosh; Intel Mac OS X 10_15_5) AppleWebKit/537.36 (KHTML, like Gecko) Chrome/83.0.4103.116 Safari/537.36"
::1 - - [11/Jul/2020:04:48:14 +0000] "GET /api/admin/users/1 HTTP/1.1" 304 - "http://localhost:3000/dashboard" "Mozilla/5.0 (Macintosh; Intel Mac OS X 10_15_5) AppleWebKit/537.36 (KHTML, like Gecko) Chrome/83.0.4103.116 Safari/537.36"
::1 - - [11/Jul/2020:04:48:14 +0000] "GET /api/admin/clients/3 HTTP/1.1" 304 - "http://localhost:3000/dashboard" "Mozilla/5.0 (Macintosh; Intel Mac OS X 10_15_5) AppleWebKit/537.36 (KHTML, like Gecko) Chrome/83.0.4103.116 Safari/537.36"
::1 - - [11/Jul/2020:04:48:15 +0000] "GET /api/admin/clientservices/3 HTTP/1.1" 304 - "http://localhost:3000/dashboard" "Mozilla/5.0 (Macintosh; Intel Mac OS X 10_15_5) AppleWebKit/537.36 (KHTML, like Gecko) Chrome/83.0.4103.116 Safari/537.36"
::1 - - [11/Jul/2020:04:48:15 +0000] "GET /api/workspace/applications HTTP/1.1" 304 - "http://localhost:3000/dashboard" "Mozilla/5.0 (Macintosh; Intel Mac OS X 10_15_5) AppleWebKit/537.36 (KHTML, like Gecko) Chrome/83.0.4103.116 Safari/537.36"
::1 - - [11/Jul/2020:04:48:15 +0000] "GET /api/workspace/collections HTTP/1.1" 304 - "http://localhost:3000/dashboard" "Mozilla/5.0 (Macintosh; Intel Mac OS X 10_15_5) AppleWebKit/537.36 (KHTML, like Gecko) Chrome/83.0.4103.116 Safari/537.36"
::1 - - [11/Jul/2020:04:50:44 +0000] "GET /api/admin/users/1 HTTP/1.1" 304 - "http://localhost:3000/dashboard" "Mozilla/5.0 (Macintosh; Intel Mac OS X 10_15_5) AppleWebKit/537.36 (KHTML, like Gecko) Chrome/83.0.4103.116 Safari/537.36"
::1 - - [11/Jul/2020:04:50:44 +0000] "GET /api/admin/clients/3 HTTP/1.1" 304 - "http://localhost:3000/dashboard" "Mozilla/5.0 (Macintosh; Intel Mac OS X 10_15_5) AppleWebKit/537.36 (KHTML, like Gecko) Chrome/83.0.4103.116 Safari/537.36"
::1 - - [11/Jul/2020:04:50:45 +0000] "GET /api/admin/clientservices/3 HTTP/1.1" 304 - "http://localhost:3000/dashboard" "Mozilla/5.0 (Macintosh; Intel Mac OS X 10_15_5) AppleWebKit/537.36 (KHTML, like Gecko) Chrome/83.0.4103.116 Safari/537.36"
::1 - - [11/Jul/2020:04:50:45 +0000] "GET /api/workspace/applications HTTP/1.1" 304 - "http://localhost:3000/dashboard" "Mozilla/5.0 (Macintosh; Intel Mac OS X 10_15_5) AppleWebKit/537.36 (KHTML, like Gecko) Chrome/83.0.4103.116 Safari/537.36"
::1 - - [11/Jul/2020:04:50:45 +0000] "GET /api/workspace/collections HTTP/1.1" 304 - "http://localhost:3000/dashboard" "Mozilla/5.0 (Macintosh; Intel Mac OS X 10_15_5) AppleWebKit/537.36 (KHTML, like Gecko) Chrome/83.0.4103.116 Safari/537.36"
::1 - - [11/Jul/2020:04:52:18 +0000] "GET /api/admin/users/1 HTTP/1.1" 304 - "http://localhost:3000/dashboard" "Mozilla/5.0 (Macintosh; Intel Mac OS X 10_15_5) AppleWebKit/537.36 (KHTML, like Gecko) Chrome/83.0.4103.116 Safari/537.36"
::1 - - [11/Jul/2020:04:52:18 +0000] "GET /api/admin/clients/3 HTTP/1.1" 304 - "http://localhost:3000/dashboard" "Mozilla/5.0 (Macintosh; Intel Mac OS X 10_15_5) AppleWebKit/537.36 (KHTML, like Gecko) Chrome/83.0.4103.116 Safari/537.36"
::1 - - [11/Jul/2020:04:52:19 +0000] "GET /api/admin/clientservices/3 HTTP/1.1" 304 - "http://localhost:3000/dashboard" "Mozilla/5.0 (Macintosh; Intel Mac OS X 10_15_5) AppleWebKit/537.36 (KHTML, like Gecko) Chrome/83.0.4103.116 Safari/537.36"
::1 - - [11/Jul/2020:04:52:19 +0000] "GET /api/workspace/applications HTTP/1.1" 304 - "http://localhost:3000/dashboard" "Mozilla/5.0 (Macintosh; Intel Mac OS X 10_15_5) AppleWebKit/537.36 (KHTML, like Gecko) Chrome/83.0.4103.116 Safari/537.36"
::1 - - [11/Jul/2020:04:52:19 +0000] "GET /api/workspace/collections HTTP/1.1" 304 - "http://localhost:3000/dashboard" "Mozilla/5.0 (Macintosh; Intel Mac OS X 10_15_5) AppleWebKit/537.36 (KHTML, like Gecko) Chrome/83.0.4103.116 Safari/537.36"
::1 - - [11/Jul/2020:04:53:33 +0000] "GET /api/admin/users/1 HTTP/1.1" 304 - "http://localhost:3000/dashboard" "Mozilla/5.0 (Macintosh; Intel Mac OS X 10_15_5) AppleWebKit/537.36 (KHTML, like Gecko) Chrome/83.0.4103.116 Safari/537.36"
::1 - - [11/Jul/2020:04:53:33 +0000] "GET /api/admin/clients/3 HTTP/1.1" 304 - "http://localhost:3000/dashboard" "Mozilla/5.0 (Macintosh; Intel Mac OS X 10_15_5) AppleWebKit/537.36 (KHTML, like Gecko) Chrome/83.0.4103.116 Safari/537.36"
::1 - - [11/Jul/2020:04:53:33 +0000] "GET /api/admin/clientservices/3 HTTP/1.1" 304 - "http://localhost:3000/dashboard" "Mozilla/5.0 (Macintosh; Intel Mac OS X 10_15_5) AppleWebKit/537.36 (KHTML, like Gecko) Chrome/83.0.4103.116 Safari/537.36"
::1 - - [11/Jul/2020:04:53:34 +0000] "GET /api/workspace/applications HTTP/1.1" 304 - "http://localhost:3000/dashboard" "Mozilla/5.0 (Macintosh; Intel Mac OS X 10_15_5) AppleWebKit/537.36 (KHTML, like Gecko) Chrome/83.0.4103.116 Safari/537.36"
::1 - - [11/Jul/2020:04:53:34 +0000] "GET /api/workspace/collections HTTP/1.1" 304 - "http://localhost:3000/dashboard" "Mozilla/5.0 (Macintosh; Intel Mac OS X 10_15_5) AppleWebKit/537.36 (KHTML, like Gecko) Chrome/83.0.4103.116 Safari/537.36"
::1 - - [11/Jul/2020:04:53:59 +0000] "GET /api/admin/users/1 HTTP/1.1" 304 - "http://localhost:3000/dashboard" "Mozilla/5.0 (Macintosh; Intel Mac OS X 10_15_5) AppleWebKit/537.36 (KHTML, like Gecko) Chrome/83.0.4103.116 Safari/537.36"
::1 - - [11/Jul/2020:04:53:59 +0000] "GET /api/admin/clients/3 HTTP/1.1" 304 - "http://localhost:3000/dashboard" "Mozilla/5.0 (Macintosh; Intel Mac OS X 10_15_5) AppleWebKit/537.36 (KHTML, like Gecko) Chrome/83.0.4103.116 Safari/537.36"
::1 - - [11/Jul/2020:04:53:59 +0000] "GET /api/admin/clientservices/3 HTTP/1.1" 304 - "http://localhost:3000/dashboard" "Mozilla/5.0 (Macintosh; Intel Mac OS X 10_15_5) AppleWebKit/537.36 (KHTML, like Gecko) Chrome/83.0.4103.116 Safari/537.36"
::1 - - [11/Jul/2020:04:53:59 +0000] "GET /api/workspace/applications HTTP/1.1" 304 - "http://localhost:3000/dashboard" "Mozilla/5.0 (Macintosh; Intel Mac OS X 10_15_5) AppleWebKit/537.36 (KHTML, like Gecko) Chrome/83.0.4103.116 Safari/537.36"
::1 - - [11/Jul/2020:04:53:59 +0000] "GET /api/workspace/collections HTTP/1.1" 304 - "http://localhost:3000/dashboard" "Mozilla/5.0 (Macintosh; Intel Mac OS X 10_15_5) AppleWebKit/537.36 (KHTML, like Gecko) Chrome/83.0.4103.116 Safari/537.36"
::1 - - [11/Jul/2020:04:55:59 +0000] "GET /api/admin/users/1 HTTP/1.1" 304 - "http://localhost:3000/dashboard" "Mozilla/5.0 (Macintosh; Intel Mac OS X 10_15_5) AppleWebKit/537.36 (KHTML, like Gecko) Chrome/83.0.4103.116 Safari/537.36"
::1 - - [11/Jul/2020:04:55:59 +0000] "GET /api/admin/clients/3 HTTP/1.1" 304 - "http://localhost:3000/dashboard" "Mozilla/5.0 (Macintosh; Intel Mac OS X 10_15_5) AppleWebKit/537.36 (KHTML, like Gecko) Chrome/83.0.4103.116 Safari/537.36"
::1 - - [11/Jul/2020:04:55:59 +0000] "GET /api/admin/clientservices/3 HTTP/1.1" 304 - "http://localhost:3000/dashboard" "Mozilla/5.0 (Macintosh; Intel Mac OS X 10_15_5) AppleWebKit/537.36 (KHTML, like Gecko) Chrome/83.0.4103.116 Safari/537.36"
::1 - - [11/Jul/2020:04:56:00 +0000] "GET /api/workspace/applications HTTP/1.1" 304 - "http://localhost:3000/dashboard" "Mozilla/5.0 (Macintosh; Intel Mac OS X 10_15_5) AppleWebKit/537.36 (KHTML, like Gecko) Chrome/83.0.4103.116 Safari/537.36"
::1 - - [11/Jul/2020:04:56:00 +0000] "GET /api/workspace/collections HTTP/1.1" 304 - "http://localhost:3000/dashboard" "Mozilla/5.0 (Macintosh; Intel Mac OS X 10_15_5) AppleWebKit/537.36 (KHTML, like Gecko) Chrome/83.0.4103.116 Safari/537.36"
::1 - - [11/Jul/2020:04:56:02 +0000] "GET /api/workspace/applications HTTP/1.1" 304 - "http://localhost:3000/workspace/applications" "Mozilla/5.0 (Macintosh; Intel Mac OS X 10_15_5) AppleWebKit/537.36 (KHTML, like Gecko) Chrome/83.0.4103.116 Safari/537.36"
::1 - - [11/Jul/2020:05:04:52 +0000] "GET /api/workspace/applications HTTP/1.1" 304 - "http://localhost:3000/workspace/applications" "Mozilla/5.0 (Macintosh; Intel Mac OS X 10_15_5) AppleWebKit/537.36 (KHTML, like Gecko) Chrome/83.0.4103.116 Safari/537.36"
::1 - - [11/Jul/2020:05:04:57 +0000] "GET /api/admin/users/1 HTTP/1.1" 304 - "http://localhost:3000/dashboard/" "Mozilla/5.0 (Macintosh; Intel Mac OS X 10_15_5) AppleWebKit/537.36 (KHTML, like Gecko) Chrome/83.0.4103.116 Safari/537.36"
::1 - - [11/Jul/2020:05:04:57 +0000] "GET /api/admin/clients/3 HTTP/1.1" 304 - "http://localhost:3000/dashboard/" "Mozilla/5.0 (Macintosh; Intel Mac OS X 10_15_5) AppleWebKit/537.36 (KHTML, like Gecko) Chrome/83.0.4103.116 Safari/537.36"
::1 - - [11/Jul/2020:05:04:57 +0000] "GET /api/admin/clientservices/3 HTTP/1.1" 304 - "http://localhost:3000/dashboard/" "Mozilla/5.0 (Macintosh; Intel Mac OS X 10_15_5) AppleWebKit/537.36 (KHTML, like Gecko) Chrome/83.0.4103.116 Safari/537.36"
::1 - - [11/Jul/2020:05:04:57 +0000] "GET /api/workspace/applications HTTP/1.1" 304 - "http://localhost:3000/dashboard/" "Mozilla/5.0 (Macintosh; Intel Mac OS X 10_15_5) AppleWebKit/537.36 (KHTML, like Gecko) Chrome/83.0.4103.116 Safari/537.36"
::1 - - [11/Jul/2020:05:04:57 +0000] "GET /api/workspace/collections HTTP/1.1" 304 - "http://localhost:3000/dashboard/" "Mozilla/5.0 (Macintosh; Intel Mac OS X 10_15_5) AppleWebKit/537.36 (KHTML, like Gecko) Chrome/83.0.4103.116 Safari/537.36"
::1 - - [11/Jul/2020:05:05:53 +0000] "POST /api/admin/sessions/ HTTP/1.1" 200 126 "http://localhost:3000/" "Mozilla/5.0 (Macintosh; Intel Mac OS X 10_15_5) AppleWebKit/537.36 (KHTML, like Gecko) Chrome/83.0.4103.116 Safari/537.36"
::1 - - [11/Jul/2020:05:05:53 +0000] "GET /api/admin/users/1 HTTP/1.1" 304 - "http://localhost:3000/dashboard" "Mozilla/5.0 (Macintosh; Intel Mac OS X 10_15_5) AppleWebKit/537.36 (KHTML, like Gecko) Chrome/83.0.4103.116 Safari/537.36"
::1 - - [11/Jul/2020:05:05:53 +0000] "GET /api/admin/clients/3 HTTP/1.1" 304 - "http://localhost:3000/dashboard" "Mozilla/5.0 (Macintosh; Intel Mac OS X 10_15_5) AppleWebKit/537.36 (KHTML, like Gecko) Chrome/83.0.4103.116 Safari/537.36"
::1 - - [11/Jul/2020:05:05:53 +0000] "GET /api/admin/clientservices/3 HTTP/1.1" 304 - "http://localhost:3000/dashboard" "Mozilla/5.0 (Macintosh; Intel Mac OS X 10_15_5) AppleWebKit/537.36 (KHTML, like Gecko) Chrome/83.0.4103.116 Safari/537.36"
::1 - - [11/Jul/2020:05:05:53 +0000] "GET /api/workspace/applications HTTP/1.1" 304 - "http://localhost:3000/dashboard" "Mozilla/5.0 (Macintosh; Intel Mac OS X 10_15_5) AppleWebKit/537.36 (KHTML, like Gecko) Chrome/83.0.4103.116 Safari/537.36"
::1 - - [11/Jul/2020:05:05:53 +0000] "GET /api/workspace/collections HTTP/1.1" 304 - "http://localhost:3000/dashboard" "Mozilla/5.0 (Macintosh; Intel Mac OS X 10_15_5) AppleWebKit/537.36 (KHTML, like Gecko) Chrome/83.0.4103.116 Safari/537.36"
::1 - - [11/Jul/2020:05:21:12 +0000] "POST /api/admin/sessions/ HTTP/1.1" 200 126 "http://localhost:3000/" "Mozilla/5.0 (Macintosh; Intel Mac OS X 10_15_5) AppleWebKit/537.36 (KHTML, like Gecko) Chrome/83.0.4103.116 Safari/537.36"
::1 - - [11/Jul/2020:05:21:12 +0000] "GET /api/admin/clientservices/undefined HTTP/1.1" 200 2 "http://localhost:3000/dashboard" "Mozilla/5.0 (Macintosh; Intel Mac OS X 10_15_5) AppleWebKit/537.36 (KHTML, like Gecko) Chrome/83.0.4103.116 Safari/537.36"
::1 - - [11/Jul/2020:05:26:20 +0000] "GET /api/admin/clientservices/3 HTTP/1.1" 304 - "http://localhost:3000/dashboard" "Mozilla/5.0 (Macintosh; Intel Mac OS X 10_15_5) AppleWebKit/537.36 (KHTML, like Gecko) Chrome/83.0.4103.116 Safari/537.36"
::1 - - [11/Jul/2020:05:26:20 +0000] "GET /api/workspace/applications HTTP/1.1" 304 - "http://localhost:3000/dashboard" "Mozilla/5.0 (Macintosh; Intel Mac OS X 10_15_5) AppleWebKit/537.36 (KHTML, like Gecko) Chrome/83.0.4103.116 Safari/537.36"
::1 - - [11/Jul/2020:05:26:20 +0000] "GET /api/workspace/collections HTTP/1.1" 304 - "http://localhost:3000/dashboard" "Mozilla/5.0 (Macintosh; Intel Mac OS X 10_15_5) AppleWebKit/537.36 (KHTML, like Gecko) Chrome/83.0.4103.116 Safari/537.36"
::1 - - [11/Jul/2020:05:27:22 +0000] "GET /api/admin/clientservices/3 HTTP/1.1" 304 - "http://localhost:3000/dashboard" "Mozilla/5.0 (Macintosh; Intel Mac OS X 10_15_5) AppleWebKit/537.36 (KHTML, like Gecko) Chrome/83.0.4103.116 Safari/537.36"
::1 - - [11/Jul/2020:05:27:22 +0000] "GET /api/workspace/applications HTTP/1.1" 304 - "http://localhost:3000/dashboard" "Mozilla/5.0 (Macintosh; Intel Mac OS X 10_15_5) AppleWebKit/537.36 (KHTML, like Gecko) Chrome/83.0.4103.116 Safari/537.36"
::1 - - [11/Jul/2020:05:27:22 +0000] "GET /api/workspace/collections HTTP/1.1" 304 - "http://localhost:3000/dashboard" "Mozilla/5.0 (Macintosh; Intel Mac OS X 10_15_5) AppleWebKit/537.36 (KHTML, like Gecko) Chrome/83.0.4103.116 Safari/537.36"
::1 - - [11/Jul/2020:05:28:08 +0000] "GET /api/admin/clientservices/3 HTTP/1.1" 304 - "http://localhost:3000/dashboard" "Mozilla/5.0 (Macintosh; Intel Mac OS X 10_15_5) AppleWebKit/537.36 (KHTML, like Gecko) Chrome/83.0.4103.116 Safari/537.36"
::1 - - [11/Jul/2020:05:28:09 +0000] "GET /api/workspace/applications HTTP/1.1" 304 - "http://localhost:3000/dashboard" "Mozilla/5.0 (Macintosh; Intel Mac OS X 10_15_5) AppleWebKit/537.36 (KHTML, like Gecko) Chrome/83.0.4103.116 Safari/537.36"
::1 - - [11/Jul/2020:05:28:09 +0000] "GET /api/workspace/collections HTTP/1.1" 304 - "http://localhost:3000/dashboard" "Mozilla/5.0 (Macintosh; Intel Mac OS X 10_15_5) AppleWebKit/537.36 (KHTML, like Gecko) Chrome/83.0.4103.116 Safari/537.36"
::1 - - [11/Jul/2020:05:32:25 +0000] "GET /api/admin/clientservices/3 HTTP/1.1" 304 - "http://localhost:3000/dashboard" "Mozilla/5.0 (Macintosh; Intel Mac OS X 10_15_5) AppleWebKit/537.36 (KHTML, like Gecko) Chrome/83.0.4103.116 Safari/537.36"
::1 - - [11/Jul/2020:05:32:25 +0000] "GET /api/workspace/applications HTTP/1.1" 304 - "http://localhost:3000/dashboard" "Mozilla/5.0 (Macintosh; Intel Mac OS X 10_15_5) AppleWebKit/537.36 (KHTML, like Gecko) Chrome/83.0.4103.116 Safari/537.36"
::1 - - [11/Jul/2020:05:32:25 +0000] "GET /api/workspace/collections HTTP/1.1" 304 - "http://localhost:3000/dashboard" "Mozilla/5.0 (Macintosh; Intel Mac OS X 10_15_5) AppleWebKit/537.36 (KHTML, like Gecko) Chrome/83.0.4103.116 Safari/537.36"
::1 - - [11/Jul/2020:05:33:05 +0000] "GET /api/admin/clientservices/3 HTTP/1.1" 304 - "http://localhost:3000/dashboard" "Mozilla/5.0 (Macintosh; Intel Mac OS X 10_15_5) AppleWebKit/537.36 (KHTML, like Gecko) Chrome/83.0.4103.116 Safari/537.36"
::1 - - [11/Jul/2020:05:33:05 +0000] "GET /api/workspace/applications HTTP/1.1" 304 - "http://localhost:3000/dashboard" "Mozilla/5.0 (Macintosh; Intel Mac OS X 10_15_5) AppleWebKit/537.36 (KHTML, like Gecko) Chrome/83.0.4103.116 Safari/537.36"
::1 - - [11/Jul/2020:05:33:05 +0000] "GET /api/workspace/collections HTTP/1.1" 304 - "http://localhost:3000/dashboard" "Mozilla/5.0 (Macintosh; Intel Mac OS X 10_15_5) AppleWebKit/537.36 (KHTML, like Gecko) Chrome/83.0.4103.116 Safari/537.36"
::1 - - [11/Jul/2020:05:34:17 +0000] "GET /api/admin/clientservices/3 HTTP/1.1" 304 - "http://localhost:3000/dashboard" "Mozilla/5.0 (Macintosh; Intel Mac OS X 10_15_5) AppleWebKit/537.36 (KHTML, like Gecko) Chrome/83.0.4103.116 Safari/537.36"
::1 - - [11/Jul/2020:05:34:17 +0000] "GET /api/workspace/applications HTTP/1.1" 304 - "http://localhost:3000/dashboard" "Mozilla/5.0 (Macintosh; Intel Mac OS X 10_15_5) AppleWebKit/537.36 (KHTML, like Gecko) Chrome/83.0.4103.116 Safari/537.36"
::1 - - [11/Jul/2020:05:34:17 +0000] "GET /api/workspace/collections HTTP/1.1" 304 - "http://localhost:3000/dashboard" "Mozilla/5.0 (Macintosh; Intel Mac OS X 10_15_5) AppleWebKit/537.36 (KHTML, like Gecko) Chrome/83.0.4103.116 Safari/537.36"
::1 - - [11/Jul/2020:05:34:35 +0000] "POST /api/admin/sessions/ HTTP/1.1" 200 126 "http://localhost:3000/" "Mozilla/5.0 (Macintosh; Intel Mac OS X 10_15_5) AppleWebKit/537.36 (KHTML, like Gecko) Chrome/83.0.4103.116 Safari/537.36"
::1 - - [11/Jul/2020:05:34:36 +0000] "GET /api/admin/clientservices/3 HTTP/1.1" 304 - "http://localhost:3000/dashboard" "Mozilla/5.0 (Macintosh; Intel Mac OS X 10_15_5) AppleWebKit/537.36 (KHTML, like Gecko) Chrome/83.0.4103.116 Safari/537.36"
::1 - - [11/Jul/2020:05:34:36 +0000] "GET /api/workspace/applications HTTP/1.1" 304 - "http://localhost:3000/dashboard" "Mozilla/5.0 (Macintosh; Intel Mac OS X 10_15_5) AppleWebKit/537.36 (KHTML, like Gecko) Chrome/83.0.4103.116 Safari/537.36"
::1 - - [11/Jul/2020:05:34:36 +0000] "GET /api/workspace/collections HTTP/1.1" 304 - "http://localhost:3000/dashboard" "Mozilla/5.0 (Macintosh; Intel Mac OS X 10_15_5) AppleWebKit/537.36 (KHTML, like Gecko) Chrome/83.0.4103.116 Safari/537.36"
::1 - - [11/Jul/2020:05:34:41 +0000] "GET /api/admin/clientservices/3 HTTP/1.1" 304 - "http://localhost:3000/dashboard" "Mozilla/5.0 (Macintosh; Intel Mac OS X 10_15_5) AppleWebKit/537.36 (KHTML, like Gecko) Chrome/83.0.4103.116 Safari/537.36"
::1 - - [11/Jul/2020:05:34:41 +0000] "GET /api/workspace/applications HTTP/1.1" 304 - "http://localhost:3000/dashboard" "Mozilla/5.0 (Macintosh; Intel Mac OS X 10_15_5) AppleWebKit/537.36 (KHTML, like Gecko) Chrome/83.0.4103.116 Safari/537.36"
::1 - - [11/Jul/2020:05:34:41 +0000] "GET /api/workspace/collections HTTP/1.1" 304 - "http://localhost:3000/dashboard" "Mozilla/5.0 (Macintosh; Intel Mac OS X 10_15_5) AppleWebKit/537.36 (KHTML, like Gecko) Chrome/83.0.4103.116 Safari/537.36"
::1 - - [11/Jul/2020:11:37:09 +0000] "POST /api/admin/sessions/ HTTP/1.1" 200 126 "http://localhost:3000/" "Mozilla/5.0 (Macintosh; Intel Mac OS X 10_15_5) AppleWebKit/537.36 (KHTML, like Gecko) Chrome/83.0.4103.116 Safari/537.36"
::1 - - [11/Jul/2020:11:37:09 +0000] "GET /api/admin/clientservices/3 HTTP/1.1" 304 - "http://localhost:3000/dashboard" "Mozilla/5.0 (Macintosh; Intel Mac OS X 10_15_5) AppleWebKit/537.36 (KHTML, like Gecko) Chrome/83.0.4103.116 Safari/537.36"
::1 - - [11/Jul/2020:11:37:09 +0000] "GET /api/workspace/applications HTTP/1.1" 304 - "http://localhost:3000/dashboard" "Mozilla/5.0 (Macintosh; Intel Mac OS X 10_15_5) AppleWebKit/537.36 (KHTML, like Gecko) Chrome/83.0.4103.116 Safari/537.36"
::1 - - [11/Jul/2020:11:37:09 +0000] "GET /api/workspace/collections HTTP/1.1" 304 - "http://localhost:3000/dashboard" "Mozilla/5.0 (Macintosh; Intel Mac OS X 10_15_5) AppleWebKit/537.36 (KHTML, like Gecko) Chrome/83.0.4103.116 Safari/537.36"
::1 - - [11/Jul/2020:11:44:48 +0000] "GET /api/admin/clientservices/3 HTTP/1.1" 304 - "http://localhost:3000/dashboard" "Mozilla/5.0 (Macintosh; Intel Mac OS X 10_15_5) AppleWebKit/537.36 (KHTML, like Gecko) Chrome/83.0.4103.116 Safari/537.36"
::1 - - [11/Jul/2020:11:44:48 +0000] "GET /api/workspace/applications HTTP/1.1" 304 - "http://localhost:3000/dashboard" "Mozilla/5.0 (Macintosh; Intel Mac OS X 10_15_5) AppleWebKit/537.36 (KHTML, like Gecko) Chrome/83.0.4103.116 Safari/537.36"
::1 - - [11/Jul/2020:11:44:48 +0000] "GET /api/workspace/collections HTTP/1.1" 304 - "http://localhost:3000/dashboard" "Mozilla/5.0 (Macintosh; Intel Mac OS X 10_15_5) AppleWebKit/537.36 (KHTML, like Gecko) Chrome/83.0.4103.116 Safari/537.36"
::1 - - [11/Jul/2020:11:45:03 +0000] "GET /api/admin/clientservices/3 HTTP/1.1" 304 - "http://localhost:3000/dashboard" "Mozilla/5.0 (Macintosh; Intel Mac OS X 10_15_5) AppleWebKit/537.36 (KHTML, like Gecko) Chrome/83.0.4103.116 Safari/537.36"
::1 - - [11/Jul/2020:11:45:04 +0000] "GET /api/workspace/applications HTTP/1.1" 304 - "http://localhost:3000/dashboard" "Mozilla/5.0 (Macintosh; Intel Mac OS X 10_15_5) AppleWebKit/537.36 (KHTML, like Gecko) Chrome/83.0.4103.116 Safari/537.36"
::1 - - [11/Jul/2020:11:45:04 +0000] "GET /api/workspace/collections HTTP/1.1" 304 - "http://localhost:3000/dashboard" "Mozilla/5.0 (Macintosh; Intel Mac OS X 10_15_5) AppleWebKit/537.36 (KHTML, like Gecko) Chrome/83.0.4103.116 Safari/537.36"
::1 - - [11/Jul/2020:11:45:36 +0000] "GET /api/admin/clientservices/3 HTTP/1.1" 304 - "http://localhost:3000/dashboard" "Mozilla/5.0 (Macintosh; Intel Mac OS X 10_15_5) AppleWebKit/537.36 (KHTML, like Gecko) Chrome/83.0.4103.116 Safari/537.36"
::1 - - [11/Jul/2020:11:45:36 +0000] "GET /api/workspace/applications HTTP/1.1" 304 - "http://localhost:3000/dashboard" "Mozilla/5.0 (Macintosh; Intel Mac OS X 10_15_5) AppleWebKit/537.36 (KHTML, like Gecko) Chrome/83.0.4103.116 Safari/537.36"
::1 - - [11/Jul/2020:11:45:36 +0000] "GET /api/workspace/collections HTTP/1.1" 304 - "http://localhost:3000/dashboard" "Mozilla/5.0 (Macintosh; Intel Mac OS X 10_15_5) AppleWebKit/537.36 (KHTML, like Gecko) Chrome/83.0.4103.116 Safari/537.36"
::1 - - [11/Jul/2020:11:45:53 +0000] "GET /api/admin/clientservices/3 HTTP/1.1" 304 - "http://localhost:3000/dashboard" "Mozilla/5.0 (Macintosh; Intel Mac OS X 10_15_5) AppleWebKit/537.36 (KHTML, like Gecko) Chrome/83.0.4103.116 Safari/537.36"
::1 - - [11/Jul/2020:11:45:53 +0000] "GET /api/workspace/applications HTTP/1.1" 304 - "http://localhost:3000/dashboard" "Mozilla/5.0 (Macintosh; Intel Mac OS X 10_15_5) AppleWebKit/537.36 (KHTML, like Gecko) Chrome/83.0.4103.116 Safari/537.36"
::1 - - [11/Jul/2020:11:45:53 +0000] "GET /api/workspace/collections HTTP/1.1" 304 - "http://localhost:3000/dashboard" "Mozilla/5.0 (Macintosh; Intel Mac OS X 10_15_5) AppleWebKit/537.36 (KHTML, like Gecko) Chrome/83.0.4103.116 Safari/537.36"
::1 - - [11/Jul/2020:12:13:06 +0000] "GET /api/admin/clientservices/3 HTTP/1.1" 304 - "http://localhost:3000/dashboard" "Mozilla/5.0 (Macintosh; Intel Mac OS X 10_15_5) AppleWebKit/537.36 (KHTML, like Gecko) Chrome/83.0.4103.116 Safari/537.36"
::1 - - [11/Jul/2020:12:13:06 +0000] "GET /api/workspace/collections HTTP/1.1" 304 - "http://localhost:3000/dashboard" "Mozilla/5.0 (Macintosh; Intel Mac OS X 10_15_5) AppleWebKit/537.36 (KHTML, like Gecko) Chrome/83.0.4103.116 Safari/537.36"
::1 - - [11/Jul/2020:12:13:06 +0000] "GET /api/workspace/applications HTTP/1.1" 304 - "http://localhost:3000/dashboard" "Mozilla/5.0 (Macintosh; Intel Mac OS X 10_15_5) AppleWebKit/537.36 (KHTML, like Gecko) Chrome/83.0.4103.116 Safari/537.36"
::1 - - [11/Jul/2020:12:23:21 +0000] "GET /api/admin/clientservices/3 HTTP/1.1" 304 - "http://localhost:3000/dashboard" "Mozilla/5.0 (Macintosh; Intel Mac OS X 10_15_5) AppleWebKit/537.36 (KHTML, like Gecko) Chrome/83.0.4103.116 Safari/537.36"
::1 - - [11/Jul/2020:12:23:21 +0000] "GET /api/workspace/applications HTTP/1.1" 304 - "http://localhost:3000/dashboard" "Mozilla/5.0 (Macintosh; Intel Mac OS X 10_15_5) AppleWebKit/537.36 (KHTML, like Gecko) Chrome/83.0.4103.116 Safari/537.36"
::1 - - [11/Jul/2020:12:23:21 +0000] "GET /api/workspace/collections HTTP/1.1" 304 - "http://localhost:3000/dashboard" "Mozilla/5.0 (Macintosh; Intel Mac OS X 10_15_5) AppleWebKit/537.36 (KHTML, like Gecko) Chrome/83.0.4103.116 Safari/537.36"
::1 - - [11/Jul/2020:12:29:14 +0000] "GET /api/admin/clientservices/3 HTTP/1.1" 304 - "http://localhost:3000/dashboard" "Mozilla/5.0 (Macintosh; Intel Mac OS X 10_15_5) AppleWebKit/537.36 (KHTML, like Gecko) Chrome/83.0.4103.116 Safari/537.36"
::1 - - [11/Jul/2020:12:29:14 +0000] "GET /api/workspace/applications HTTP/1.1" 304 - "http://localhost:3000/dashboard" "Mozilla/5.0 (Macintosh; Intel Mac OS X 10_15_5) AppleWebKit/537.36 (KHTML, like Gecko) Chrome/83.0.4103.116 Safari/537.36"
::1 - - [11/Jul/2020:12:29:14 +0000] "GET /api/workspace/collections HTTP/1.1" 304 - "http://localhost:3000/dashboard" "Mozilla/5.0 (Macintosh; Intel Mac OS X 10_15_5) AppleWebKit/537.36 (KHTML, like Gecko) Chrome/83.0.4103.116 Safari/537.36"
::1 - - [11/Jul/2020:12:29:38 +0000] "GET /api/admin/clientservices/3 HTTP/1.1" 304 - "http://localhost:3000/dashboard" "Mozilla/5.0 (Macintosh; Intel Mac OS X 10_15_5) AppleWebKit/537.36 (KHTML, like Gecko) Chrome/83.0.4103.116 Safari/537.36"
::1 - - [11/Jul/2020:12:29:38 +0000] "GET /api/workspace/applications HTTP/1.1" 304 - "http://localhost:3000/dashboard" "Mozilla/5.0 (Macintosh; Intel Mac OS X 10_15_5) AppleWebKit/537.36 (KHTML, like Gecko) Chrome/83.0.4103.116 Safari/537.36"
::1 - - [11/Jul/2020:12:29:38 +0000] "GET /api/workspace/collections HTTP/1.1" 304 - "http://localhost:3000/dashboard" "Mozilla/5.0 (Macintosh; Intel Mac OS X 10_15_5) AppleWebKit/537.36 (KHTML, like Gecko) Chrome/83.0.4103.116 Safari/537.36"
::1 - - [11/Jul/2020:12:38:25 +0000] "GET /api/admin/clientservices/3 HTTP/1.1" 304 - "http://localhost:3000/dashboard" "Mozilla/5.0 (Macintosh; Intel Mac OS X 10_15_5) AppleWebKit/537.36 (KHTML, like Gecko) Chrome/83.0.4103.116 Safari/537.36"
::1 - - [11/Jul/2020:12:38:25 +0000] "GET /api/workspace/applications/3 HTTP/1.1" 200 2 "http://localhost:3000/dashboard" "Mozilla/5.0 (Macintosh; Intel Mac OS X 10_15_5) AppleWebKit/537.36 (KHTML, like Gecko) Chrome/83.0.4103.116 Safari/537.36"
::1 - - [11/Jul/2020:12:38:25 +0000] "GET /api/workspace/collections/3 HTTP/1.1" 200 2 "http://localhost:3000/dashboard" "Mozilla/5.0 (Macintosh; Intel Mac OS X 10_15_5) AppleWebKit/537.36 (KHTML, like Gecko) Chrome/83.0.4103.116 Safari/537.36"
::1 - - [11/Jul/2020:13:24:04 +0000] "GET /api/admin/clientservices/3 HTTP/1.1" 304 - "http://localhost:3000/dashboard" "Mozilla/5.0 (Macintosh; Intel Mac OS X 10_15_5) AppleWebKit/537.36 (KHTML, like Gecko) Chrome/83.0.4103.116 Safari/537.36"
::1 - - [11/Jul/2020:13:24:04 +0000] "GET /api/workspace/:collections/:3 HTTP/1.1" - - "http://localhost:3000/dashboard" "Mozilla/5.0 (Macintosh; Intel Mac OS X 10_15_5) AppleWebKit/537.36 (KHTML, like Gecko) Chrome/83.0.4103.116 Safari/537.36"
::1 - - [11/Jul/2020:13:24:04 +0000] "GET /api/workspace/:applications/:3 HTTP/1.1" - - "http://localhost:3000/dashboard" "Mozilla/5.0 (Macintosh; Intel Mac OS X 10_15_5) AppleWebKit/537.36 (KHTML, like Gecko) Chrome/83.0.4103.116 Safari/537.36"
::1 - - [11/Jul/2020:13:24:23 +0000] "POST /api/admin/sessions/ HTTP/1.1" 200 126 "http://localhost:3000/" "Mozilla/5.0 (Macintosh; Intel Mac OS X 10_15_5) AppleWebKit/537.36 (KHTML, like Gecko) Chrome/83.0.4103.116 Safari/537.36"
::1 - - [11/Jul/2020:13:24:23 +0000] "GET /api/admin/clientservices/3 HTTP/1.1" 304 - "http://localhost:3000/dashboard" "Mozilla/5.0 (Macintosh; Intel Mac OS X 10_15_5) AppleWebKit/537.36 (KHTML, like Gecko) Chrome/83.0.4103.116 Safari/537.36"
::1 - - [11/Jul/2020:13:24:23 +0000] "GET /api/workspace/:applications/:3 HTTP/1.1" 200 321 "http://localhost:3000/dashboard" "Mozilla/5.0 (Macintosh; Intel Mac OS X 10_15_5) AppleWebKit/537.36 (KHTML, like Gecko) Chrome/83.0.4103.116 Safari/537.36"
::1 - - [11/Jul/2020:13:24:23 +0000] "GET /api/workspace/:collections/:3 HTTP/1.1" 200 319 "http://localhost:3000/dashboard" "Mozilla/5.0 (Macintosh; Intel Mac OS X 10_15_5) AppleWebKit/537.36 (KHTML, like Gecko) Chrome/83.0.4103.116 Safari/537.36"
::1 - - [11/Jul/2020:13:25:05 +0000] "GET /api/admin/clientservices/3 HTTP/1.1" 304 - "http://localhost:3000/dashboard" "Mozilla/5.0 (Macintosh; Intel Mac OS X 10_15_5) AppleWebKit/537.36 (KHTML, like Gecko) Chrome/83.0.4103.116 Safari/537.36"
::1 - - [11/Jul/2020:13:25:06 +0000] "GET /api/workspace/applications/3 HTTP/1.1" 304 - "http://localhost:3000/dashboard" "Mozilla/5.0 (Macintosh; Intel Mac OS X 10_15_5) AppleWebKit/537.36 (KHTML, like Gecko) Chrome/83.0.4103.116 Safari/537.36"
::1 - - [11/Jul/2020:13:25:06 +0000] "GET /api/workspace/collections/3 HTTP/1.1" 200 286 "http://localhost:3000/dashboard" "Mozilla/5.0 (Macintosh; Intel Mac OS X 10_15_5) AppleWebKit/537.36 (KHTML, like Gecko) Chrome/83.0.4103.116 Safari/537.36"
::1 - - [11/Jul/2020:13:25:12 +0000] "GET /api/admin/clientservices/3 HTTP/1.1" 304 - "http://localhost:3000/dashboard" "Mozilla/5.0 (Macintosh; Intel Mac OS X 10_15_5) AppleWebKit/537.36 (KHTML, like Gecko) Chrome/83.0.4103.116 Safari/537.36"
::1 - - [11/Jul/2020:13:25:12 +0000] "GET /api/workspace/applications/3 HTTP/1.1" 304 - "http://localhost:3000/dashboard" "Mozilla/5.0 (Macintosh; Intel Mac OS X 10_15_5) AppleWebKit/537.36 (KHTML, like Gecko) Chrome/83.0.4103.116 Safari/537.36"
::1 - - [11/Jul/2020:13:25:12 +0000] "GET /api/workspace/collections/3 HTTP/1.1" 304 - "http://localhost:3000/dashboard" "Mozilla/5.0 (Macintosh; Intel Mac OS X 10_15_5) AppleWebKit/537.36 (KHTML, like Gecko) Chrome/83.0.4103.116 Safari/537.36"
::1 - - [11/Jul/2020:13:28:58 +0000] "GET /api/admin/clientservices/3 HTTP/1.1" 304 - "http://localhost:3000/dashboard" "Mozilla/5.0 (Macintosh; Intel Mac OS X 10_15_5) AppleWebKit/537.36 (KHTML, like Gecko) Chrome/83.0.4103.116 Safari/537.36"
::1 - - [11/Jul/2020:13:28:59 +0000] "GET /api/workspace/collections/3 HTTP/1.1" 500 1533 "http://localhost:3000/dashboard" "Mozilla/5.0 (Macintosh; Intel Mac OS X 10_15_5) AppleWebKit/537.36 (KHTML, like Gecko) Chrome/83.0.4103.116 Safari/537.36"
::1 - - [11/Jul/2020:13:28:59 +0000] "GET /api/workspace/applications/3 HTTP/1.1" 304 - "http://localhost:3000/dashboard" "Mozilla/5.0 (Macintosh; Intel Mac OS X 10_15_5) AppleWebKit/537.36 (KHTML, like Gecko) Chrome/83.0.4103.116 Safari/537.36"
::1 - - [11/Jul/2020:13:29:46 +0000] "GET /api/admin/clientservices/3 HTTP/1.1" 304 - "http://localhost:3000/dashboard" "Mozilla/5.0 (Macintosh; Intel Mac OS X 10_15_5) AppleWebKit/537.36 (KHTML, like Gecko) Chrome/83.0.4103.116 Safari/537.36"
::1 - - [11/Jul/2020:13:29:46 +0000] "GET /api/workspace/applications/3 HTTP/1.1" 304 - "http://localhost:3000/dashboard" "Mozilla/5.0 (Macintosh; Intel Mac OS X 10_15_5) AppleWebKit/537.36 (KHTML, like Gecko) Chrome/83.0.4103.116 Safari/537.36"
::1 - - [11/Jul/2020:13:29:46 +0000] "GET /api/workspace/collections/3 HTTP/1.1" 200 286 "http://localhost:3000/dashboard" "Mozilla/5.0 (Macintosh; Intel Mac OS X 10_15_5) AppleWebKit/537.36 (KHTML, like Gecko) Chrome/83.0.4103.116 Safari/537.36"
::1 - - [11/Jul/2020:13:33:48 +0000] "GET /api/admin/clientservices/3 HTTP/1.1" 304 - "http://localhost:3000/dashboard" "Mozilla/5.0 (Macintosh; Intel Mac OS X 10_15_5) AppleWebKit/537.36 (KHTML, like Gecko) Chrome/83.0.4103.116 Safari/537.36"
::1 - - [11/Jul/2020:13:33:48 +0000] "GET /api/workspace/applications/3 HTTP/1.1" 304 - "http://localhost:3000/dashboard" "Mozilla/5.0 (Macintosh; Intel Mac OS X 10_15_5) AppleWebKit/537.36 (KHTML, like Gecko) Chrome/83.0.4103.116 Safari/537.36"
::1 - - [11/Jul/2020:13:33:48 +0000] "GET /api/workspace/collections/3 HTTP/1.1" 304 - "http://localhost:3000/dashboard" "Mozilla/5.0 (Macintosh; Intel Mac OS X 10_15_5) AppleWebKit/537.36 (KHTML, like Gecko) Chrome/83.0.4103.116 Safari/537.36"
::1 - - [11/Jul/2020:13:34:38 +0000] "GET /api/admin/clientservices/3 HTTP/1.1" 304 - "http://localhost:3000/dashboard" "Mozilla/5.0 (Macintosh; Intel Mac OS X 10_15_5) AppleWebKit/537.36 (KHTML, like Gecko) Chrome/83.0.4103.116 Safari/537.36"
::1 - - [11/Jul/2020:13:34:38 +0000] "GET /api/workspace/applications/3 HTTP/1.1" 304 - "http://localhost:3000/dashboard" "Mozilla/5.0 (Macintosh; Intel Mac OS X 10_15_5) AppleWebKit/537.36 (KHTML, like Gecko) Chrome/83.0.4103.116 Safari/537.36"
::1 - - [11/Jul/2020:13:34:39 +0000] "GET /api/workspace/collections/3 HTTP/1.1" 200 181 "http://localhost:3000/dashboard" "Mozilla/5.0 (Macintosh; Intel Mac OS X 10_15_5) AppleWebKit/537.36 (KHTML, like Gecko) Chrome/83.0.4103.116 Safari/537.36"
::1 - - [11/Jul/2020:13:52:48 +0000] "GET /api/admin/clientservices/3 HTTP/1.1" 304 - "http://localhost:3000/dashboard" "Mozilla/5.0 (Macintosh; Intel Mac OS X 10_15_5) AppleWebKit/537.36 (KHTML, like Gecko) Chrome/83.0.4103.116 Safari/537.36"
::1 - - [11/Jul/2020:13:52:48 +0000] "GET /api/workspace/applications/3 HTTP/1.1" 304 - "http://localhost:3000/dashboard" "Mozilla/5.0 (Macintosh; Intel Mac OS X 10_15_5) AppleWebKit/537.36 (KHTML, like Gecko) Chrome/83.0.4103.116 Safari/537.36"
::1 - - [11/Jul/2020:13:52:48 +0000] "GET /api/workspace/collections/3 HTTP/1.1" 200 2 "http://localhost:3000/dashboard" "Mozilla/5.0 (Macintosh; Intel Mac OS X 10_15_5) AppleWebKit/537.36 (KHTML, like Gecko) Chrome/83.0.4103.116 Safari/537.36"
::1 - - [11/Jul/2020:13:54:04 +0000] "GET /api/admin/clientservices/3 HTTP/1.1" 304 - "http://localhost:3000/dashboard" "Mozilla/5.0 (Macintosh; Intel Mac OS X 10_15_5) AppleWebKit/537.36 (KHTML, like Gecko) Chrome/83.0.4103.116 Safari/537.36"
::1 - - [11/Jul/2020:13:54:04 +0000] "GET /api/workspace/applications/3 HTTP/1.1" 304 - "http://localhost:3000/dashboard" "Mozilla/5.0 (Macintosh; Intel Mac OS X 10_15_5) AppleWebKit/537.36 (KHTML, like Gecko) Chrome/83.0.4103.116 Safari/537.36"
::1 - - [11/Jul/2020:13:54:04 +0000] "GET /api/workspace/collections/3 HTTP/1.1" 304 - "http://localhost:3000/dashboard" "Mozilla/5.0 (Macintosh; Intel Mac OS X 10_15_5) AppleWebKit/537.36 (KHTML, like Gecko) Chrome/83.0.4103.116 Safari/537.36"
::1 - - [11/Jul/2020:13:54:37 +0000] "GET /api/admin/clientservices/3 HTTP/1.1" 304 - "http://localhost:3000/dashboard" "Mozilla/5.0 (Macintosh; Intel Mac OS X 10_15_5) AppleWebKit/537.36 (KHTML, like Gecko) Chrome/83.0.4103.116 Safari/537.36"
::1 - - [11/Jul/2020:13:54:37 +0000] "GET /api/workspace/applications/3 HTTP/1.1" 304 - "http://localhost:3000/dashboard" "Mozilla/5.0 (Macintosh; Intel Mac OS X 10_15_5) AppleWebKit/537.36 (KHTML, like Gecko) Chrome/83.0.4103.116 Safari/537.36"
::1 - - [11/Jul/2020:13:54:37 +0000] "GET /api/workspace/collections/3 HTTP/1.1" 304 - "http://localhost:3000/dashboard" "Mozilla/5.0 (Macintosh; Intel Mac OS X 10_15_5) AppleWebKit/537.36 (KHTML, like Gecko) Chrome/83.0.4103.116 Safari/537.36"
::1 - - [11/Jul/2020:13:58:21 +0000] "GET /api/admin/clientservices/3 HTTP/1.1" 304 - "http://localhost:3000/dashboard" "Mozilla/5.0 (Macintosh; Intel Mac OS X 10_15_5) AppleWebKit/537.36 (KHTML, like Gecko) Chrome/83.0.4103.116 Safari/537.36"
::1 - - [11/Jul/2020:13:58:21 +0000] "GET /api/workspace/applications/3 HTTP/1.1" 304 - "http://localhost:3000/dashboard" "Mozilla/5.0 (Macintosh; Intel Mac OS X 10_15_5) AppleWebKit/537.36 (KHTML, like Gecko) Chrome/83.0.4103.116 Safari/537.36"
::1 - - [11/Jul/2020:13:58:21 +0000] "GET /api/workspace/collections/3 HTTP/1.1" 304 - "http://localhost:3000/dashboard" "Mozilla/5.0 (Macintosh; Intel Mac OS X 10_15_5) AppleWebKit/537.36 (KHTML, like Gecko) Chrome/83.0.4103.116 Safari/537.36"
